
-- Inserciones
INSERT INTO Rol (id_rol, nombre_rol, descripcion) VALUES
(1, 'Medico', 'Profesional de la salud habilitado para realizar consultas médicas'),
(2, 'Paciente', 'Persona que recibe atención médica dentro del sistema');

INSERT INTO EPS (id_eps, nombre_eps, tipo_regimen, correo, telefono) VALUES
(1,  'Sura EPS',            'Contributivo', 'contacto@sura.com.co',        '6045109000'),
(2,  'Sanitas EPS',         'Contributivo', 'servicios@sanitas.com.co',    '6014266700'),
(3,  'Nueva EPS',           'Subsidiado',   'info@nuevaeps.com.co',        '6014444000'),
(4,  'Compensar EPS',       'Contributivo', 'atencion@compensar.com',      '6014261111'),
(5,  'Famisanar EPS',       'Contributivo', 'contacto@famisanar.com.co',   '6013340000'),
(6,  'Coosalud EPS',        'Subsidiado',   'info@coosalud.com.co',        '6052620000'),
(7,  'Medimas EPS',         'Subsidiado',   'atencion@medimas.com.co',     '6014562000'),
(8,  'Salud Total EPS',     'Contributivo', 'contacto@saludtotal.com.co',  '6014441000'),
(9,  'Coomeva EPS',         'Contributivo', 'servicios@coomeva.com.co',    '6026200000'),
(10, 'Aliansalud EPS',      'Contributivo', 'info@aliansalud.com.co',      '6014444444');

-- PERSONA (50 registros)
INSERT INTO Persona (id_persona, documento, primer_nombre, segundo_nombre, primer_apellido, segundo_apellido, direccion, ciudad, username, contrasena, tarjeta_profesional, especialidad) VALUES
-- MÉDICOS (1-10)
(1,  '10001001', 'Andrés',    'Felipe',   'Ramírez',    'Torres',    'Cll 45 #23-10',    'Bogotá',      'andres.ramirez',    '$2b$10$hashedpass001', 'TP-001234', 'Medicina General'),
(2,  '10001002', 'Catalina',  'María',    'López',      'Gómez',     'Cra 7 #120-50',    'Bogotá',      'catalina.lopez',    '$2b$10$hashedpass002', 'TP-002345', 'Cardiología'),
(3,  '10001003', 'Sergio',    'Andrés',   'Herrera',    'Muñoz',     'Av 30 #45-80',     'Medellín',    'sergio.herrera',    '$2b$10$hashedpass003', 'TP-003456', 'Pediatría'),
(4,  '10001004', 'Valentina', NULL,       'Castro',     'Ríos',      'Cll 70 #12-34',    'Cali',        'valentina.castro',  '$2b$10$hashedpass004', 'TP-004567', 'Dermatología'),
(5,  '10001005', 'Javier',    'Esteban',  'Morales',    'Pinto',     'Cra 50 #8-90',     'Barranquilla','javier.morales',    '$2b$10$hashedpass005', 'TP-005678', 'Ortopedia'),
(6,  '10001006', 'Natalia',   'Sofía',    'Reyes',      'Álvarez',   'Cll 100 #30-21',   'Bogotá',      'natalia.reyes',     '$2b$10$hashedpass006', 'TP-006789', 'Neurología'),
(7,  '10001007', 'Felipe',    'Camilo',   'Vargas',     'Salcedo',   'Cra 80 #5-67',     'Bucaramanga', 'felipe.vargas',     '$2b$10$hashedpass007', 'TP-007890', 'Psiquiatría'),
(8,  '10001008', 'Diana',     'Paola',    'Suárez',     'Mendoza',   'Av 68 #22-15',     'Bogotá',      'diana.suarez',      '$2b$10$hashedpass008', 'TP-008901', 'Ginecología'),
(9,  '10001009', 'Mauricio',  NULL,       'Jiménez',    'Peña',      'Cll 134 #9-44',    'Bogotá',      'mauricio.jimenez',  '$2b$10$hashedpass009', 'TP-009012', 'Urgenciología'),
(10, '10001010', 'Paola',     'Andrea',   'Ospina',     'Rueda',     'Cra 15 #72-30',    'Manizales',   'paola.ospina',      '$2b$10$hashedpass010', 'TP-010123', 'Endocrinología'),
-- PACIENTES PUROS (11-45)
(11, '20001011', 'Carlos',    'Alberto',  'Mejía',      'Ossa',      'Cll 23 #4-56',     'Bogotá',      'carlos.mejia',      '$2b$10$hashedpass011', NULL, NULL),
(12, '20001012', 'Laura',     'Milena',   'Pardo',      'Torres',    'Cra 11 #34-78',    'Bogotá',      'laura.pardo',       '$2b$10$hashedpass012', NULL, NULL),
(13, '20001013', 'Santiago',  NULL,       'Guerrero',   'Galvis',    'Av 19 #65-43',     'Bogotá',      'santiago.guerrero', '$2b$10$hashedpass013', NULL, NULL),
(14, '20001014', 'Isabela',   'Fernanda', 'Cano',       'Vélez',     'Cll 50 #12-89',    'Medellín',    'isabela.cano',      '$2b$10$hashedpass014', NULL, NULL),
(15, '20001015', 'Tomás',     'Eduardo',  'Arango',     'Hoyos',     'Cra 33 #40-22',    'Medellín',    'tomas.arango',      '$2b$10$hashedpass015', NULL, NULL),
(16, '20001016', 'Mariana',   'Lucía',    'Zapata',     'Acosta',    'Cll 10 #7-88',     'Cali',        'mariana.zapata',    '$2b$10$hashedpass016', NULL, NULL),
(17, '20001017', 'Daniel',    'Camilo',   'Duarte',     'Soto',      'Av Américas #50',  'Bogotá',      'daniel.duarte',     '$2b$10$hashedpass017', NULL, NULL),
(18, '20001018', 'Alejandra', NULL,       'Niño',       'Moreno',    'Cra 7 #45-67',     'Bogotá',      'alejandra.nino',    '$2b$10$hashedpass018', NULL, NULL),
(19, '20001019', 'Sebastián', 'José',     'Peláez',     'Agudelo',   'Cll 80 #20-33',    'Bogotá',      'sebastian.pelaez',  '$2b$10$hashedpass019', NULL, NULL),
(20, '20001020', 'Sara',      'Valentina','Cardona',    'Escobar',   'Cra 45 #100-12',   'Medellín',    'sara.cardona',      '$2b$10$hashedpass020', NULL, NULL),
(21, '20001021', 'Mateo',     'Alejandro','Castillo',   'Lozano',    'Cll 60 #3-90',     'Bogotá',      'mateo.castillo',    '$2b$10$hashedpass021', NULL, NULL),
(22, '20001022', 'Valeria',   'Cristina', 'Ríos',       'Bermúdez',  'Av 9 #22-67',      'Cali',        'valeria.rios',      '$2b$10$hashedpass022', NULL, NULL),
(23, '20001023', 'Julián',    NULL,       'Bedoya',     'Giraldo',   'Cll 44 #77-12',    'Medellín',    'julian.bedoya',     '$2b$10$hashedpass023', NULL, NULL),
(24, '20001024', 'Camila',    'Sofía',    'Montoya',    'Henao',     'Cra 80 #15-44',    'Bogotá',      'camila.montoya',    '$2b$10$hashedpass024', NULL, NULL),
(25, '20001025', 'Nicolás',   'Andrés',   'Blanco',     'Quintero',  'Cll 127 #9-14',    'Bogotá',      'nicolas.blanco',    '$2b$10$hashedpass025', NULL, NULL),
(26, '20001026', 'Paula',     'Andrea',   'Fuentes',    'Ramos',     'Cra 60 #50-80',    'Bogotá',      'paula.fuentes',     '$2b$10$hashedpass026', NULL, NULL),
(27, '20001027', 'Esteban',   'David',    'Salazar',    'Patiño',    'Av 30 #22-88',     'Bogotá',      'esteban.salazar',   '$2b$10$hashedpass027', NULL, NULL),
(28, '20001028', 'Gabriela',  NULL,       'Velásquez',  'Rojas',     'Cll 85 #13-55',    'Bogotá',      'gabriela.velasquez','$2b$10$hashedpass028', NULL, NULL),
(29, '20001029', 'Simón',     'Felipe',   'Calderón',   'Mora',      'Cra 17 #68-30',    'Bogotá',      'simon.calderon',    '$2b$10$hashedpass029', NULL, NULL),
(30, '20001030', 'Manuela',   'Alejandra','Varón',      'Cruz',      'Cll 170 #5-20',    'Bogotá',      'manuela.varon',     '$2b$10$hashedpass030', NULL, NULL),
(31, '20001031', 'Óscar',     'Iván',     'Delgado',    'Fonseca',   'Cra 7 #90-45',     'Bogotá',      'oscar.delgado',     '$2b$10$hashedpass031', NULL, NULL),
(32, '20001032', 'Ana',       'Lucía',    'Arbeláez',   'Castaño',   'Cll 39 #28-70',    'Medellín',    'ana.arbelaez',      '$2b$10$hashedpass032', NULL, NULL),
(33, '20001033', 'David',     'Sebastián','Londoño',    'Sierra',    'Av El Poblado #22','Medellín',    'david.londono',     '$2b$10$hashedpass033', NULL, NULL),
(34, '20001034', 'Luisa',     'Fernanda', 'Posada',     'Álvarez',   'Cll 33 #11-80',    'Cali',        'luisa.posada',      '$2b$10$hashedpass034', NULL, NULL),
(35, '20001035', 'Andrés',    'Mauricio', 'Gutiérrez',  'Sánchez',   'Cra 5 #44-18',     'Bucaramanga', 'andres.gutierrez',  '$2b$10$hashedpass035', NULL, NULL),
(36, '20001036', 'Sofía',     NULL,       'Pineda',     'García',    'Cll 56 #19-60',    'Barranquilla','sofia.pineda',      '$2b$10$hashedpass036', NULL, NULL),
(37, '20001037', 'Juan',      'Pablo',    'Echeverri',  'Vélez',     'Cra 43 #74-90',    'Medellín',    'juan.echeverri',    '$2b$10$hashedpass037', NULL, NULL),
(38, '20001038', 'María',     'Camila',   'Ortega',     'Rodríguez', 'Cll 116 #14-26',   'Bogotá',      'maria.ortega',      '$2b$10$hashedpass038', NULL, NULL),
(39, '20001039', 'Ricardo',   'Andrés',   'Tovar',      'Núñez',     'Av 68 #30-55',     'Bogotá',      'ricardo.tovar',     '$2b$10$hashedpass039', NULL, NULL),
(40, '20001040', 'Daniela',   'Paola',    'Ibáñez',     'Herrera',   'Cra 24 #63-12',    'Bogotá',      'daniela.ibanez',    '$2b$10$hashedpass040', NULL, NULL),
(41, '20001041', 'Jorge',     'Luis',     'Avendaño',   'Medina',    'Cll 72 #8-44',     'Bogotá',      'jorge.avendano',    '$2b$10$hashedpass041', NULL, NULL),
(42, '20001042', 'Natalia',   'Marcela',  'Trujillo',   'Ospina',    'Cra 1 #18-90',     'Pereira',     'natalia.trujillo',  '$2b$10$hashedpass042', NULL, NULL),
(43, '20001043', 'Luis',      'Ernesto',  'Sarmiento',  'Cárdenas',  'Cll 50 #33-11',    'Bogotá',      'luis.sarmiento',    '$2b$10$hashedpass043', NULL, NULL),
(44, '20001044', 'Stephanie', NULL,       'Bermúdez',   'Leal',      'Cra 30 #45-78',    'Bogotá',      'stephanie.bermudez','$2b$10$hashedpass044', NULL, NULL),
(45, '20001045', 'Hernán',    'Darío',    'Cifuentes',  'Pulido',    'Cll 22 #60-34',    'Bogotá',      'hernan.cifuentes',  '$2b$10$hashedpass045', NULL, NULL),
-- DOBLE ROL: MÉDICO + PACIENTE (46-50)
(46, '30001046', 'Mónica',    'Patricia', 'Aguilar',    'Vega',      'Cll 45 #7-80',     'Bogotá',      'monica.aguilar',    '$2b$10$hashedpass046', 'TP-046111', 'Medicina Interna'),
(47, '30001047', 'Rodrigo',   'Camilo',   'Barrera',    'Linares',   'Cra 11 #90-33',    'Bogotá',      'rodrigo.barrera',   '$2b$10$hashedpass047', 'TP-047222', 'Radiología'),
(48, '30001048', 'Gloria',    'Inés',     'Cadena',     'Valbuena',  'Av Boyacá #110',   'Bogotá',      'gloria.cadena',     '$2b$10$hashedpass048', 'TP-048333', 'Oftalmología'),
(49, '30001049', 'Eduardo',   NULL,       'Palacios',   'Guerrero',  'Cll 163 #52-40',   'Bogotá',      'eduardo.palacios',  '$2b$10$hashedpass049', 'TP-049444', 'Oncología'),
(50, '30001050', 'Adriana',   'Lucía',    'Quiroga',    'Bautista',  'Cra 50 #26-18',    'Medellín',    'adriana.quiroga',   '$2b$10$hashedpass050', 'TP-050555', 'Reumatología');

-- Médicos (IDs 1-10) → solo rol Médico
INSERT INTO Persona_Rol (id_persona, id_rol) VALUES
(1,  1),(2,  1),(3,  1),(4,  1),(5,  1),
(6,  1),(7,  1),(8,  1),(9,  1),(10, 1);

-- Pacientes puros (IDs 11-45) → solo rol Paciente
INSERT INTO Persona_Rol (id_persona, id_rol) VALUES
(11,2),(12,2),(13,2),(14,2),(15,2),(16,2),(17,2),(18,2),(19,2),(20,2),
(21,2),(22,2),(23,2),(24,2),(25,2),(26,2),(27,2),(28,2),(29,2),(30,2),
(31,2),(32,2),(33,2),(34,2),(35,2),(36,2),(37,2),(38,2),(39,2),(40,2),
(41,2),(42,2),(43,2),(44,2),(45,2);

-- Doble rol: Médico + Paciente (IDs 46-50)
INSERT INTO Persona_Rol (id_persona, id_rol) VALUES
(46,1),(46,2),
(47,1),(47,2),
(48,1),(48,2),
(49,1),(49,2),
(50,1),(50,2);

INSERT INTO Contacto (tipo, valor, id_persona) VALUES
-- Médicos
('telefono','3101234001',1),('correo','andres.ramirez@medico.co',1),
('telefono','3101234002',2),('correo','catalina.lopez@medico.co',2),
('telefono','3101234003',3),('correo','sergio.herrera@medico.co',3),
('telefono','3101234004',4),('correo','valentina.castro@medico.co',4),
('telefono','3101234005',5),('correo','javier.morales@medico.co',5),
('telefono','3101234006',6),('correo','natalia.reyes@medico.co',6),
('telefono','3101234007',7),('correo','felipe.vargas@medico.co',7),
('telefono','3101234008',8),('correo','diana.suarez@medico.co',8),
('telefono','3101234009',9),('correo','mauricio.jimenez@medico.co',9),
('telefono','3101234010',10),('correo','paola.ospina@medico.co',10),
-- Pacientes
('telefono','3201234011',11),('correo','carlos.mejia@gmail.com',11),
('telefono','3201234012',12),('correo','laura.pardo@gmail.com',12),
('telefono','3201234013',13),('correo','santiago.guerrero@hotmail.com',13),
('telefono','3201234014',14),
('telefono','3201234015',15),('correo','tomas.arango@gmail.com',15),
('telefono','3201234016',16),
('telefono','3201234017',17),('correo','daniel.duarte@outlook.com',17),
('telefono','3201234018',18),('correo','alejandra.nino@gmail.com',18),
('telefono','3201234019',19),
('telefono','3201234020',20),('correo','sara.cardona@gmail.com',20),
('telefono','3201234021',21),
('telefono','3201234022',22),('correo','valeria.rios@gmail.com',22),
('telefono','3201234023',23),
('telefono','3201234024',24),('correo','camila.montoya@outlook.com',24),
('telefono','3201234025',25),
('telefono','3201234026',26),('correo','paula.fuentes@gmail.com',26),
('telefono','3201234027',27),
('telefono','3201234028',28),('correo','gabriela.velasquez@gmail.com',28),
('telefono','3201234029',29),
('telefono','3201234030',30),('correo','manuela.varon@gmail.com',30),
('telefono','3201234031',31),
('telefono','3201234032',32),('correo','ana.arbelaez@gmail.com',32),
('telefono','3201234033',33),
('telefono','3201234034',34),('correo','luisa.posada@hotmail.com',34),
('telefono','3201234035',35),
('telefono','3201234036',36),('correo','sofia.pineda@gmail.com',36),
('telefono','3201234037',37),
('telefono','3201234038',38),('correo','maria.ortega@gmail.com',38),
('telefono','3201234039',39),
('telefono','3201234040',40),('correo','daniela.ibanez@gmail.com',40),
('telefono','3201234041',41),
('telefono','3201234042',42),('correo','natalia.trujillo@outlook.com',42),
('telefono','3201234043',43),
('telefono','3201234044',44),('correo','stephanie.bermudez@gmail.com',44),
('telefono','3201234045',45),
-- Doble rol
('telefono','3151234046',46),('correo','monica.aguilar@medico.co',46),
('telefono','3151234047',47),('correo','rodrigo.barrera@medico.co',47),
('telefono','3151234048',48),('correo','gloria.cadena@medico.co',48),
('telefono','3151234049',49),('correo','eduardo.palacios@medico.co',49),
('telefono','3151234050',50),('correo','adriana.quiroga@medico.co',50);

-- ========================
-- PERSONA_EPS
-- ========================
-- Médicos afiliados como prestadores
INSERT INTO Persona_EPS (id_persona, id_eps, tipo_relacion, tipo_afiliacion, fecha_afiliacion) VALUES
(1,  1, 'Medico',     'Contributivo', '2018-03-15'),
(1,  2, 'Medico',     'Contributivo', '2019-07-01'),
(2,  2, 'Medico',     'Contributivo', '2017-01-10'),
(3,  3, 'Medico',     'Subsidiado',   '2020-05-20'),
(3,  5, 'Medico',     'Contributivo', '2021-02-01'),
(4,  4, 'Medico',     'Contributivo', '2016-08-14'),
(5,  5, 'Medico',     'Contributivo', '2019-11-03'),
(6,  1, 'Medico',     'Contributivo', '2018-09-22'),
(6,  8, 'Medico',     'Contributivo', '2022-01-15'),
(7,  7, 'Medico',     'Subsidiado',   '2020-04-01'),
(8,  8, 'Medico',     'Contributivo', '2017-06-30'),
(9,  9, 'Medico',     'Contributivo', '2021-08-18'),
(10, 10,'Medico',     'Contributivo', '2015-12-01'),
-- Pacientes afiliados
(11, 1, 'Afiliado',   'Contributivo', '2020-01-10'),
(12, 2, 'Afiliado',   'Contributivo', '2019-03-22'),
(13, 3, 'Afiliado',   'Subsidiado',   '2021-07-15'),
(14, 4, 'Afiliado',   'Contributivo', '2018-11-05'),
(15, 5, 'Afiliado',   'Contributivo', '2020-09-01'),
(16, 6, 'Afiliado',   'Subsidiado',   '2022-02-14'),
(17, 7, 'Afiliado',   'Subsidiado',   '2021-04-30'),
(18, 8, 'Afiliado',   'Contributivo', '2019-08-20'),
(19, 9, 'Afiliado',   'Contributivo', '2020-12-01'),
(20, 10,'Afiliado',   'Contributivo', '2017-05-18'),
(21, 1, 'Afiliado',   'Contributivo', '2021-01-25'),
(22, 2, 'Afiliado',   'Contributivo', '2018-07-11'),
(23, 3, 'Afiliado',   'Subsidiado',   '2020-03-14'),
(24, 4, 'Afiliado',   'Contributivo', '2019-10-08'),
(25, 5, 'Afiliado',   'Contributivo', '2022-06-01'),
(26, 6, 'Afiliado',   'Subsidiado',   '2021-09-17'),
(27, 7, 'Afiliado',   'Subsidiado',   '2020-11-23'),
(28, 8, 'Afiliado',   'Contributivo', '2018-04-05'),
(29, 9, 'Afiliado',   'Contributivo', '2019-02-19'),
(30, 10,'Afiliado',   'Contributivo', '2021-12-31'),
(31, 1, 'Afiliado',   'Contributivo', '2022-03-07'),
(32, 2, 'Afiliado',   'Contributivo', '2017-08-28'),
(33, 3, 'Afiliado',   'Subsidiado',   '2020-06-15'),
(34, 4, 'Afiliado',   'Contributivo', '2019-01-04'),
(35, 5, 'Afiliado',   'Contributivo', '2021-07-21'),
(36, 6, 'Afiliado',   'Subsidiado',   '2022-10-10'),
(37, 7, 'Afiliado',   'Subsidiado',   '2018-12-03'),
(38, 8, 'Afiliado',   'Contributivo', '2020-08-26'),
(39, 9, 'Afiliado',   'Contributivo', '2021-05-14'),
(40, 10,'Afiliado',   'Contributivo', '2019-09-09'),
(41, 1, 'Afiliado',   'Contributivo', '2022-04-20'),
(42, 2, 'Afiliado',   'Contributivo', '2018-02-14'),
(43, 3, 'Afiliado',   'Subsidiado',   '2020-10-30'),
(44, 4, 'Afiliado',   'Contributivo', '2017-11-11'),
(45, 5, 'Afiliado',   'Contributivo', '2021-03-08'),
-- Doble rol: afiliados como médico Y como paciente en EPS
(46, 1, 'Medico',     'Contributivo', '2019-04-01'),
(46, 3, 'Afiliado',   'Subsidiado',   '2022-07-01'),
(47, 2, 'Medico',     'Contributivo', '2020-01-15'),
(47, 6, 'Afiliado',   'Subsidiado',   '2021-11-01'),
(48, 4, 'Medico',     'Contributivo', '2018-06-10'),
(48, 7, 'Afiliado',   'Subsidiado',   '2022-09-15'),
(49, 8, 'Medico',     'Contributivo', '2017-03-22'),
(49, 9, 'Afiliado',   'Contributivo', '2020-05-05'),
(50, 5, 'Medico',     'Contributivo', '2016-11-30'),
(50, 10,'Afiliado',   'Contributivo', '2021-08-20');


INSERT INTO Consulta (id_consulta, id_paciente, id_medico, fecha_consulta) VALUES
(1,  11, 1,  '2024-01-08 09:00:00'),
(2,  12, 2,  '2024-01-10 10:30:00'),
(3,  13, 3,  '2024-01-15 08:00:00'),
(4,  14, 4,  '2024-01-20 11:00:00'),
(5,  15, 5,  '2024-02-01 09:30:00'),
(6,  16, 6,  '2024-02-05 14:00:00'),
(7,  17, 7,  '2024-02-10 15:30:00'),
(8,  18, 8,  '2024-02-14 10:00:00'),
(9,  19, 9,  '2024-02-20 07:30:00'),
(10, 20, 10, '2024-02-25 12:00:00'),
(11, 21, 1,  '2024-03-01 09:00:00'),
(12, 22, 2,  '2024-03-05 11:00:00'),
(13, 23, 3,  '2024-03-10 08:30:00'),
(14, 24, 4,  '2024-03-15 14:30:00'),
(15, 25, 5,  '2024-03-20 10:00:00'),
(16, 26, 6,  '2024-03-25 09:00:00'),
(17, 27, 7,  '2024-04-01 13:00:00'),
(18, 28, 8,  '2024-04-05 11:30:00'),
(19, 29, 9,  '2024-04-10 07:00:00'),
(20, 30, 10, '2024-04-15 12:30:00'),
(21, 31, 46, '2024-04-20 09:00:00'),
(22, 32, 47, '2024-04-25 10:00:00'),
(23, 33, 48, '2024-05-01 14:00:00'),
(24, 34, 49, '2024-05-05 11:00:00'),
(25, 35, 50, '2024-05-10 09:30:00'),
(26, 36, 1,  '2024-05-15 10:00:00'),
(27, 37, 2,  '2024-05-20 11:30:00'),
(28, 38, 3,  '2024-05-25 08:00:00'),
(29, 39, 4,  '2024-06-01 14:30:00'),
(30, 40, 5,  '2024-06-05 09:00:00'),
(31, 41, 6,  '2024-06-10 13:30:00'),
(32, 42, 7,  '2024-06-15 15:00:00'),
(33, 43, 8,  '2024-06-20 10:30:00'),
(34, 44, 9,  '2024-06-25 07:00:00'),
(35, 45, 10, '2024-07-01 12:00:00'),
-- Doble rol: médicos con doble rol atendiendo como pacientes
(36, 46, 2,  '2024-07-05 09:00:00'),  -- Mónica (doble rol) como paciente
(37, 47, 6,  '2024-07-10 11:00:00'),  -- Rodrigo (doble rol) como paciente
(38, 48, 1,  '2024-07-15 10:30:00'),  -- Gloria (doble rol) como paciente
(39, 49, 8,  '2024-07-20 14:00:00'),  -- Eduardo (doble rol) como paciente
(40, 50, 3,  '2024-07-25 09:30:00');  -- Adriana (doble rol) como paciente


INSERT INTO Diagnostico (id_consulta, descripcion, codigo_cie10) VALUES
(1,  'Hipertensión arterial leve, se inicia manejo farmacológico',                    'I10'),
(2,  'Insuficiencia cardíaca congestiva en fase inicial',                             'I50'),
(3,  'Otitis media aguda en paciente pediátrico',                                     'H66'),
(4,  'Dermatitis atópica moderada con exacerbación',                                 'L20'),
(5,  'Fractura de radio distal sin desplazamiento',                                   'S52'),
(6,  'Cefalea tensional crónica con episodios frecuentes',                            'G44'),
(7,  'Trastorno de ansiedad generalizada',                                            'F41'),
(8,  'Infección del tracto urinario inferior',                                        'N30'),
(9,  'Síndrome coronario agudo sin elevación del ST',                                'I21'),
(10, 'Diabetes mellitus tipo 2 descompensada',                                        'E11'),
(11, 'Bronquitis aguda con componente asmático',                                      'J20'),
(12, 'Arritmia cardíaca – fibrilación auricular paroxística',                        'I48'),
(13, 'Faringoamigdalitis aguda bacteriana',                                           'J03'),
(14, 'Psoriasis en placas de moderada extensión',                                     'L40'),
(15, 'Lumbalgia crónica con radiculopatía L4-L5',                                    'M54'),
(16, 'Vértigo posicional paroxístico benigno',                                        'H81'),
(17, 'Trastorno depresivo mayor episodio moderado',                                   'F32'),
(18, 'Vulvovaginitis candidiásica recurrente',                                        'N77'),
(19, 'Apendicitis aguda no complicada',                                               'K37'),
(20, 'Hipotiroidismo primario en seguimiento',                                         'E03'),
(21, 'Neumonía adquirida en la comunidad lóbulo inferior derecho',                   'J18'),
(22, 'Hallazgo incidental en radiografía – nódulo pulmonar',                         'R91'),
(23, 'Catarata senil bilateral en estadio temprano',                                  'H26'),
(24, 'Carcinoma basocelular en región malar derecha',                                'C44'),
(25, 'Artritis reumatoide en brote agudo',                                            'M05'),
(26, 'Rinosinusitis aguda de origen viral',                                           'J01'),
(27, 'Insuficiencia venosa periférica crónica',                                       'I87'),
(28, 'Gastroenteritis aguda de probable origen viral',                                'A09'),
(29, 'Tendinitis rotuliana bilateral',                                                 'M76'),
(30, 'Anemia ferropénica moderada',                                                   'D50'),
(31, 'Glaucoma de ángulo abierto en seguimiento',                                     'H40'),
(32, 'Trastorno bipolar tipo I en fase maníaca',                                      'F31'),
(33, 'Colitis ulcerativa en remisión',                                                'K51'),
(34, 'Litiasis renal uréter derecho con cólico nefrítico',                          'N20'),
(35, 'Enfermedad pulmonar obstructiva crónica exacerbada',                            'J44'),
(36, 'Cervicalgia aguda por contractura muscular',                                    'M54'),
(37, 'Migraña con aura sin respuesta a tratamiento habitual',                        'G43'),
(38, 'Síndrome del túnel del carpo bilateral',                                        'G56'),
(39, 'Pielonefritis aguda sin complicaciones',                                        'N10'),
(40, 'Lupus eritematoso sistémico en seguimiento',                                    'M32');


INSERT INTO Examen (id_consulta, tipo_examen, resultado, fecha_examen) VALUES
(1,  'Hemograma completo',            'Leucocitos 8.500/µL, Hemoglobina 14.2 g/dL. Sin alteraciones significativas.',                              '2024-01-09'),
(1,  'Perfil lipídico',               'Colesterol total 215 mg/dL, LDL 140 mg/dL, HDL 38 mg/dL. LDL elevado.',                                    '2024-01-09'),
(2,  'Ecocardiograma',                'FEVI 45%, dilatación ventricular izquierda moderada.',                                                        '2024-01-12'),
(3,  'Otoscopia',                     'Membrana timpánica eritematosa con efusión bilateral.',                                                        '2024-01-15'),
(5,  'Radiografía muñeca',            'Fractura transversa de radio distal sin desplazamiento. No compromiso articular.',                            '2024-02-01'),
(6,  'Resonancia magnética cerebral', 'Sin lesiones estructurales. Hallazgos compatibles con cefalea tensional.',                                   '2024-02-07'),
(7,  'Escala de ansiedad GAD-7',      'Puntuación 14/21. Ansiedad moderada-severa.',                                                                '2024-02-10'),
(8,  'Uroanálisis',                   'Leucocituria 50 cél/campo, bacteriuria, nitritos positivos. Compatible con ITU.',                            '2024-02-14'),
(9,  'Electrocardiograma',            'Cambios dinámicos en ST, troponina I elevada 1.2 ng/mL.',                                                    '2024-02-20'),
(10, 'Hemoglobina glicosilada HbA1c', 'HbA1c 9.4%. Control glucémico inadecuado.',                                                                  '2024-02-26'),
(10, 'Glucosa en ayunas',             'Glucosa 265 mg/dL.',                                                                                          '2024-02-26'),
(11, 'Espirometría',                  'Patrón obstructivo leve. FEV1/CVF 68%.',                                                                     '2024-03-02'),
(12, 'Holter 24 horas',              'Episodios de fibrilación auricular paroxística registrados a las 02:00 y 14:00 horas.',                       '2024-03-07'),
(15, 'Resonancia magnética lumbar',   'Hernia discal L4-L5 con compromiso radicular. Sin mielopatía.',                                              '2024-03-22'),
(16, 'Prueba de Dix-Hallpike',        'Positiva para canal posterior derecho. Nistagmo geotróxico rotacional.',                                     '2024-03-25'),
(19, 'Ecografía abdominal',           'Apendicitis aguda confirmada. Diámetro apendicular 9 mm, sin perforación.',                                  '2024-04-10'),
(20, 'TSH y T4 libre',               'TSH 8.5 mUI/L (elevada), T4L 0.7 ng/dL (baja). Hipotiroidismo confirmado.',                                 '2024-04-16'),
(21, 'Radiografía tórax AP',          'Consolidación en lóbulo inferior derecho compatible con neumonía.',                                          '2024-04-20'),
(22, 'TAC de tórax sin contraste',    'Nódulo sólido subpleural 8 mm en lóbulo superior derecho. Se recomienda seguimiento en 3 meses.',            '2024-04-26'),
(23, 'Agudeza visual y lámpara de hendidura','AV OD 20/60, OI 20/80. Opacidad de cristalino bilateral grado II.',                                  '2024-05-01'),
(24, 'Biopsia de piel',              'Carcinoma basocelular nodular de bajo riesgo. Márgenes libres en biopsia incisional.',                        '2024-05-06'),
(25, 'Factor reumatoide y anti-CCP',  'FR 128 UI/mL (positivo), Anti-CCP 220 U/mL (muy positivo). Confirma AR seropositiva.',                     '2024-05-11'),
(28, 'Coprocultivo',                  'Negativo para Salmonella, Shigella y Campylobacter. Rotavirus positivo.',                                    '2024-05-26'),
(30, 'Hemograma y ferritina',         'Hb 9.8 g/dL, VCM 71 fL, ferritina 6 ng/mL. Anemia ferropénica.',                                          '2024-06-06'),
(33, 'Colonoscopia',                  'Mucosa con patrón granular fino. Sin úlceras activas. Biopsia en remisión histológica.',                     '2024-06-21'),
(34, 'Ecografía renal y ureteral',    'Cálculo ureteral derecho de 6 mm en tercio distal con hidronefrosis leve.',                                  '2024-06-26'),
(35, 'Espirometría',                  'Obstrucción grave. FEV1 42% del predicho. Sin reversibilidad significativa post-broncodilatador.',            '2024-07-02'),
(36, 'Radiografía cervical',          'Sin lesiones óseas. Rectificación de la lordosis cervical fisiológica.',                                     '2024-07-06'),
(39, 'Urocultivo',                    'Crecimiento de E. coli >100.000 UFC/mL. Sensible a nitrofurantoína y ciprofloxacino.',                      '2024-07-21'),
(40, 'ANA, Anti-dsDNA, Complemento', 'ANA 1:320 patrón homogéneo, Anti-dsDNA positivo, C3 y C4 bajos. LES activo.',                               '2024-07-26');


INSERT INTO MedicamentoPrescrito (id_consulta, descripcion, frecuencia, duracion, principio_activo, nombre_comercial, dosis) VALUES
(1,  'Antihipertensivo de primera línea',                       'Cada 24 horas',  '3 meses',  'Enalapril',             'Renitec',        '10 mg'),
(1,  'Diurético de asa para control de PA',                    'Cada 12 horas',  '1 mes',    'Hidroclorotiazida',     'Esidrex',        '25 mg'),
(2,  'IECA para insuficiencia cardíaca',                        'Cada 24 horas',  '6 meses',  'Ramipril',              'Tritace',        '5 mg'),
(2,  'Beta bloqueador',                                         'Cada 24 horas',  '6 meses',  'Carvedilol',            'Coreg',          '12.5 mg'),
(3,  'Antibiótico para otitis media aguda',                     'Cada 12 horas',  '7 días',   'Amoxicilina',           'Amoxil',         '500 mg'),
(4,  'Corticoide tópico para dermatitis atópica',               'Cada 12 horas',  '2 semanas','Betametasona',          'Diprolene',      '0.05%'),
(4,  'Emoliente para hidratación cutánea',                      'Cada 8 horas',   '1 mes',    'Urea',                  'Eucerin',        '10%'),
(6,  'Analgésico para cefalea tensional',                       'Cada 8 horas',   '5 días',   'Ibuprofeno',            'Advil',          '400 mg'),
(6,  'Relajante muscular',                                      'Cada 12 horas',  '10 días',  'Ciclobenzaprina',       'Flexeril',       '5 mg'),
(7,  'Ansiolítico de primera línea',                            'Cada 24 horas',  '3 meses',  'Sertralina',            'Zoloft',         '50 mg'),
(8,  'Antibiótico para infección urinaria',                     'Cada 12 horas',  '7 días',   'Ciprofloxacino',        'Cipro',          '500 mg'),
(9,  'Antiagregante plaquetario',                               'Cada 24 horas',  'Indefinido','Ácido acetilsalicílico','Aspirin',        '100 mg'),
(9,  'Anticoagulante oral',                                     'Cada 24 horas',  '6 meses',  'Rivaroxabán',           'Xarelto',        '20 mg'),
(9,  'Estatina de alta intensidad',                             'Cada 24 horas',  '6 meses',  'Atorvastatina',         'Lipitor',        '80 mg'),
(10, 'Hipoglucemiante oral biguanida',                          'Cada 12 horas',  '6 meses',  'Metformina',            'Glucophage',     '850 mg'),
(10, 'Insulina basal',                                          'Cada 24 horas',  '3 meses',  'Glargina',              'Lantus',         '20 UI'),
(11, 'Broncodilatador de acción corta',                         'Cada 6 horas',   '7 días',   'Salbutamol',            'Ventolin',       '100 mcg/inh'),
(11, 'Corticoide inhalado',                                     'Cada 12 horas',  '1 mes',    'Budesonida',            'Pulmicort',      '200 mcg/inh'),
(15, 'Analgésico para lumbalgia',                               'Cada 8 horas',   '10 días',  'Diclofenaco',           'Voltaren',       '75 mg'),
(15, 'Relajante muscular',                                      'Cada 8 horas',   '5 días',   'Metocarbamol',          'Robaxin',        '750 mg'),
(17, 'Antidepresivo ISRS',                                      'Cada 24 horas',  '6 meses',  'Fluoxetina',            'Prozac',         '20 mg'),
(18, 'Antifúngico tópico vaginal',                              'Cada 24 horas',  '3 días',   'Clotrimazol',           'Canesten',       '500 mg óvulo'),
(20, 'Hormona tiroidea sustitutiva',                            'Cada 24 horas',  'Indefinido','Levotiroxina',          'Synthroid',      '100 mcg'),
(21, 'Antibiótico para neumonía',                               'Cada 8 horas',   '7 días',   'Amoxicilina-Clavulanato','Augmentin',     '875/125 mg'),
(21, 'Antipirético y analgésico',                               'Cada 6 horas',   '5 días',   'Acetaminofén',          'Tylenol',        '1000 mg'),
(25, 'FARME para AR',                                           'Semanal',        '6 meses',  'Metotrexato',           'Rheumatrex',     '15 mg'),
(25, 'Protector gástrico',                                      'Cada 24 horas',  '3 meses',  'Omeprazol',             'Losec',          '20 mg'),
(30, 'Suplemento de hierro',                                    'Cada 24 horas',  '3 meses',  'Sulfato ferroso',        'Fer-In-Sol',     '300 mg'),
(30, 'Vitamina C para mejorar absorción',                       'Cada 24 horas',  '3 meses',  'Ácido ascórbico',       'Redoxon',        '500 mg'),
(34, 'Antiespasmódico para cólico nefrítico',                   'Cada 8 horas',   '5 días',   'Butil escopolamina',    'Buscapina',      '20 mg'),
(34, 'AINE para dolor e inflamación',                           'Cada 12 horas',  '5 días',   'Ketorolaco',            'Toradol',        '30 mg'),
(35, 'Broncodilatador de acción larga',                         'Cada 12 horas',  'Indefinido','Salmeterol',           'Serevent',       '50 mcg/inh'),
(35, 'Mucolítico',                                              'Cada 8 horas',   '10 días',  'N-acetilcisteína',      'Fluimucil',      '600 mg'),
(39, 'Antibiótico para pielonefritis',                          'Cada 24 horas',  '14 días',  'Ciprofloxacino',        'Cipro',          '500 mg'),
(40, 'Inmunosupresor para LES',                                 'Cada 24 horas',  '6 meses',  'Hidroxicloroquina',     'Plaquenil',      '400 mg');
