
--  Inserciones

ALTER SEQUENCE rol_id_rol_seq         RESTART WITH 1;
ALTER SEQUENCE usuario_id_usuario_seq RESTART WITH 1;
ALTER SEQUENCE contacto_id_contacto_seq RESTART WITH 1;
ALTER SEQUENCE eps_id_eps_seq         RESTART WITH 1;
ALTER SEQUENCE paciente_id_paciente_seq RESTART WITH 1;
ALTER SEQUENCE medico_id_medico_seq   RESTART WITH 1;
ALTER SEQUENCE consulta_id_consulta_seq RESTART WITH 1;
ALTER SEQUENCE diagnostico_id_diagnostico_seq RESTART WITH 1;
ALTER SEQUENCE examen_id_examen_seq   RESTART WITH 1;
ALTER SEQUENCE medicamentoprescrito_id_medicamento_seq RESTART WITH 1;

-- ROL 
INSERT INTO Rol (nombre_rol, descripcion) VALUES
('Medico',   'Profesional de la salud habilitado para atender pacientes'),
('Paciente', 'Usuario registrado que recibe atención médica');


-- EPS 
INSERT INTO EPS (nombre_eps, tipo_regimen, direccion, correo, telefono) VALUES
('Sura EPS',                      'Contributivo', 'Carrera 43A #5A-113, Medellín',           'servicioalcliente@sura.com.co',       '(604) 444-1000'),
('Nueva EPS',                     'Contributivo', 'Carrera 7 #76-35, Bogotá',                'atencion@nuevaeps.com.co',            '(601) 742-1700'),
('Sanitas EPS',                   'Contributivo', 'Calle 93B #17-22 Piso 2, Bogotá',         'servicioalcliente@sanitas.com.co',    '(601) 648-2222'),
('Compensar EPS',                 'Contributivo', 'Avenida 68 #49B-31, Bogotá',              'atencion@compensar.com',              '(601) 412-8000'),
('Famisanar EPS',                 'Contributivo', 'Calle 26 #68D-35, Bogotá',                'atencion@famisanar.com.co',           '(601) 307-9999'),
('Salud Total EPS',               'Contributivo', 'Carrera 15 #93-75, Bogotá',               'servicios@saludtotal.com.co',         '(601) 742-2222'),
('Coosalud EPS',                  'Subsidiado',   'Calle 30 #17-36, Cartagena',              'atencion@coosalud.com.co',            '(605) 693-0000'),
('Mutual Ser EPS',                'Subsidiado',   'Carrera 56 #74-50, Barranquilla',         'servicios@mutualser.com.co',          '(605) 385-1000'),
('Medimás EPS',                   'Contributivo', 'Calle 72 #10-07, Bogotá',                 'atencion@medimas.com.co',             '(601) 307-6000'),
('Aliansalud EPS',                'Contributivo', 'Carrera 9 #115-06 Of. 1001, Bogotá',      'servicios@aliansalud.com.co',         '(601) 482-4000');



-- USUARIO  
INSERT INTO Usuario (documento, primer_nombre, segundo_nombre, primer_apellido, segundo_apellido, direccion, ciudad, username, contrasena, id_rol) VALUES
-- Médicos (id_rol = 1)
('79451230', 'Andrés',    'Felipe',   'Gómez',     'Restrepo',  'Calle 45 #12-34',        'Bogotá',        'andres.gomez',     'hash_ag2024',  1),
('52314789', 'Laura',     'Milena',   'Martínez',  'Vargas',    'Carrera 7 #89-20',        'Bogotá',        'laura.martinez',   'hash_lm2024',  1),
('71823450', 'Carlos',    'Arturo',   'Rodríguez', 'Patiño',    'Calle 80 #30-15',        'Medellín',      'carlos.rodriguez', 'hash_cr2024',  1),
('43219876', 'Diana',     'Paola',    'Herrera',   'Soto',      'Carrera 43A #5-80',      'Medellín',      'diana.herrera',    'hash_dh2024',  1),
('13567890', 'José',      'Luis',     'Peña',      'Castro',    'Avenida 9 #15-30',       'Cali',          'jose.pena',        'hash_jp2024',  1),
('29845612', 'Marcela',   'Andrea',   'Torres',    'Giraldo',   'Carrera 5 #22-40',       'Cali',          'marcela.torres',   'hash_mt2024',  1),
('91234567', 'Ricardo',   'Ernesto',  'López',     'Mendoza',   'Calle 72 #14-55',        'Barranquilla',  'ricardo.lopez',    'hash_rl2024',  1),
('60712345', 'Natalia',   'Isabel',   'García',    'Ruiz',      'Carrera 54 #70-12',      'Barranquilla',  'natalia.garcia',   'hash_ng2024',  1),
('87654321', 'Sebastián', 'David',    'Moreno',    'Díaz',      'Calle 10 #5-60',         'Cartagena',     'sebastian.moreno', 'hash_sm2024',  1),
('56789012', 'Valentina', 'Sofía',    'Jiménez',   'Ospina',    'Carrera 2 #33-90',       'Cartagena',     'valentina.jimenez','hash_vj2024',  1),
('11223344', 'Hernán',    'Camilo',   'Vargas',    'Cardona',   'Calle 100 #19-60',       'Bogotá',        'hernan.vargas',    'hash_hv2024',  1),
('44332211', 'Patricia',  'Elena',    'Suárez',    'Mora',      'Carrera 11 #93-45',      'Bogotá',        'patricia.suarez',  'hash_ps2024',  1),
('65432198', 'Alejandro', 'Iván',     'Ramírez',   'Pardo',     'Calle 50 #27-10',        'Manizales',     'alejandro.ramirez','hash_ar2024',  1),
('98765432', 'Claudia',   'Marcela',  'Castillo',  'Valencia',  'Carrera 23 #60-70',      'Manizales',     'claudia.castillo', 'hash_cc2024',  1),
('34567891', 'Mauricio',  'Andrés',   'Ríos',      'Salazar',   'Avenida 30 #12-88',      'Pereira',       'mauricio.rios',    'hash_mr2024',  1),
('12398765', 'Alejandra', 'María',    'Duque',     'Londoño',   'Calle 19 #9-30',         'Pereira',       'alejandra.duque',  'hash_ad2024',  1),
('76543210', 'Fernando',  'Humberto', 'Mejía',     'Arango',    'Carrera 15 #55-20',      'Bucaramanga',   'fernando.mejia',   'hash_fm2024',  1),
('01234567', 'Pilar',     'Constanza','Nieto',     'Rincón',    'Calle 35 #8-90',         'Bucaramanga',   'pilar.nieto',      'hash_pn2024',  1),
('55667788', 'Germán',    'Fabio',    'Ospina',    'Escobar',   'Carrera 6 #14-45',       'Ibagué',        'german.ospina',    'hash_go2024',  1),
('88776655', 'Adriana',   'Luz',      'Cardona',   'Zapata',    'Calle 60 #20-10',        'Ibagué',        'adriana.cardona',  'hash_acz2024', 1),
('22334455', 'Pablo',     'Augusto',  'Acosta',    'Guerrero',  'Avenida Boyacá #20-80',  'Bogotá',        'pablo.acosta',     'hash_pa2024',  1),
('66554433', 'Liliana',   'Rosa',     'Montoya',   'Cruz',      'Carrera 30 #4-60',       'Bogotá',        'liliana.montoya',  'hash_lmc2024', 1),
('39871654', 'Jhon',      'Alexander','Betancourt','Álvarez',   'Calle 12 #3-70',         'Cúcuta',        'jhon.betancourt',  'hash_jb2024',  1),
('54871236', 'Sandra',    'Milena',   'Ortiz',     'Bejarano',  'Carrera 9 #25-55',       'Cúcuta',        'sandra.ortiz',     'hash_so2024',  1),
('70123456', 'Óscar',     'Guillermo','Serrano',   'Pacheco',   'Calle 25 #40-90',        'Santa Marta',   'oscar.serrano',    'hash_osp2024', 1),

-- Pacientes (id_rol = 2)
('10023456', 'Valentina', 'Camila',   'Pineda',    'Ramos',     'Calle 134 #52-10',       'Bogotá',        'valentina.pineda', 'hash_vpr2024', 2),
('20034567', 'Mateo',     'Esteban',  'Sánchez',   'Forero',    'Carrera 69 #80-30',      'Bogotá',        'mateo.sanchez',    'hash_msf2024', 2),
('30045678', 'Isabella',  'Natalia',  'Trujillo',  'Mora',      'Calle 22B #17-45',       'Bogotá',        'isabella.trujillo','hash_itm2024', 2),
('40056789', 'Samuel',    'Andrés',   'Blanco',    'Pabón',     'Carrera 14 #37-60',      'Bogotá',        'samuel.blanco',    'hash_sbp2024', 2),
('50067890', 'Luciana',   'Fernanda', 'Cano',      'Guzmán',    'Avenida 68 #1B-20',      'Bogotá',        'luciana.cano',     'hash_lcg2024', 2),
('60078901', 'Nicolás',   'Julián',   'Vega',      'Muñoz',     'Calle 48 #28-90',        'Medellín',      'nicolas.vega',     'hash_nvm2024', 2),
('70089012', 'Daniela',   'Paola',    'Henao',     'Saldarriaga','Carrera 35 #11-80',     'Medellín',      'daniela.henao',    'hash_dhs2024', 2),
('80090123', 'Santiago',  'Felipe',   'Arboleda',  'Castaño',   'Calle 60 #50-25',        'Medellín',      'santiago.arboleda','hash_sac2024', 2),
('90001234', 'Mariana',   'Alejandra','Parra',     'Villegas',  'Carrera 80 #32-10',      'Medellín',      'mariana.parra',    'hash_mpv2024', 2),
('11112345', 'Tomás',     'Ricardo',  'Aguirre',   'Londoño',   'Calle 15 #6-40',         'Cali',          'tomas.aguirre',    'hash_tal2024', 2),
('22223456', 'Valeria',   'Cristina', 'Lozano',    'Caicedo',   'Carrera 3 #18-55',       'Cali',          'valeria.lozano',   'hash_vlc2024', 2),
('33334567', 'Diego',     'Ernesto',  'Zambrano',  'Ríos',      'Calle 70N #2-30',        'Cali',          'diego.zambrano',   'hash_dzr2024', 2),
('44445678', 'Paula',     'Andrea',   'Velásquez', 'Orozco',    'Carrera 1 #45-70',       'Barranquilla',  'paula.velasquez',  'hash_pvo2024', 2),
('55556789', 'Miguel',    'Ángel',    'Escobar',   'Meza',      'Calle 84 #56-20',        'Barranquilla',  'miguel.escobar',   'hash_mem2024', 2),
('66667890', 'Juliana',   'María',    'Padilla',   'Herrera',   'Carrera 44 #73-90',      'Barranquilla',  'juliana.padilla',  'hash_jph2024', 2),
('77778901', 'Camilo',    'José',     'Medina',    'Quintero',  'Calle 9 #22-60',         'Cartagena',     'camilo.medina',    'hash_cmq2024', 2),
('88889012', 'Natalia',   'Luz',      'Guerrero',  'Pedraza',   'Carrera 8 #12-30',       'Cartagena',     'natalia.guerrero', 'hash_ngp2024', 2),
('99990123', 'Sebastián', 'Mauricio', 'Mora',      'Sierra',    'Calle 32 #5-15',         'Bucaramanga',   'sebastian.mora',   'hash_sms2024', 2),
('10001234', 'Alejandra', 'Victoria', 'Oviedo',    'Neira',     'Carrera 27 #42-80',      'Bucaramanga',   'alejandra.oviedo', 'hash_avn2024', 2),
('10012345', 'Juan',      'Pablo',    'Alvarado',  'Barrera',   'Calle 55 #18-35',        'Manizales',     'juan.alvarado',    'hash_jpab2024',2),
('10023457', 'Sara',      'Lucía',    'Quintero',  'Reyes',     'Carrera 17 #8-25',       'Manizales',     'sara.quintero',    'hash_sqr2024', 2),
('10034568', 'Emilio',    'Hernán',   'Franco',    'Duarte',    'Avenida Kevin #4-55',    'Pereira',       'emilio.franco',    'hash_efd2024', 2),
('10045679', 'Gabriela',  'Patricia', 'Romero',    'Bernal',    'Calle 40 #13-90',        'Pereira',       'gabriela.romero',  'hash_grb2024', 2),
('10056780', 'Andrés',    'Camilo',   'Sepúlveda', 'Cárdenas',  'Carrera 10 #62-40',      'Santa Marta',   'andres.sepulveda', 'hash_asc2024', 2),
('102928061', 'Maryory',  'Valentina','Gonzalez',   'Tamayo',   'Calle 73 #16-17',        'Bogotá',   'mar.rendon',    'hash_mar2024', 1);


-- CONTACTO 
INSERT INTO Contacto (tipo, valor, id_usuario) VALUES
-- Médicos
('telefono', '3101234567',          1),
('correo',   'andres.gomez@clinicabogota.com',     1),
('telefono', '3202345678',          2),
('correo',   'laura.martinez@hospitalsantafe.com', 2),
('telefono', '3143456789',          3),
('correo',   'carlos.rodriguez@clinicalasvillas.com', 3),
('telefono', '3154567890',          4),
('correo',   'diana.herrera@hospitalgeneral.com',  4),
('telefono', '3165678901',          5),
('correo',   'jose.pena@clinicavallesalud.com',    5),
('telefono', '3176789012',          6),
('correo',   'marcela.torres@clinicanorte.com',    6),
('telefono', '3187890123',          7),
('correo',   'ricardo.lopez@clinicadelcaribe.com', 7),
('telefono', '3198901234',          8),
('correo',   'natalia.garcia@hospitolbarranquilla.com', 8),
('telefono', '3209012345',          9),
('correo',   'sebastian.moreno@clinicacartagena.com', 9),
('telefono', '3110123456',          10),
('correo',   'valentina.jimenez@hospitalbolivar.com', 10),
('telefono', '3121234567',          11),
('correo',   'hernan.vargas@clinicacolsubsidio.com', 11),
('telefono', '3132345678',          12),
('correo',   'patricia.suarez@hospitalmilitar.com', 12),
('telefono', '3143456780',          13),
('correo',   'alejandro.ramirez@clinicastmartin.com', 13),
('telefono', '3154567891',          14),
('correo',   'claudia.castillo@hospitaldecaldas.com', 14),
('telefono', '3165678902',          15),
('correo',   'mauricio.rios@hospitalrisaralda.com', 15),
('telefono', '3176789013',          16),
('correo',   'alejandra.duque@clinicapererira.com', 16),
('telefono', '3187890124',          17),
('correo',   'fernando.mejia@hospitalbucaramanga.com', 17),
('telefono', '3198901235',          18),
('correo',   'pilar.nieto@clinicasta.com',         18),
('telefono', '3209012346',          19),
('correo',   'german.ospina@hospitalibague.com',   19),
('telefono', '3110123457',          20),
('correo',   'adriana.cardona@clinicatolima.com',  20),
('telefono', '3121234568',          21),
('correo',   'pablo.acosta@clinicachapinero.com',  21),
('telefono', '3132345679',          22),
('correo',   'liliana.montoya@hospitalsimon.com',  22),
('telefono', '3143456781',          23),
('correo',   'jhon.betancourt@hospitalcucuta.com', 23),
('telefono', '3154567892',          24),
('correo',   'sandra.ortiz@clinicacucuta.com',     24),
('telefono', '3165678903',          25),
('correo',   'oscar.serrano@hospitalsantamarta.com', 25),
-- Pacientes
('telefono', '3200001111', 26),
('correo',   'valentina.pineda92@gmail.com',  26),
('telefono', '3211112222', 27),
('correo',   'mateo.sanchez85@gmail.com',     27),
('telefono', '3222223333', 28),
('correo',   'isabella.trujillo@hotmail.com', 28),
('telefono', '3233334444', 29),
('correo',   'samuel.blanco78@gmail.com',     29),
('telefono', '3244445555', 30),
('correo',   'luciana.cano@outlook.com',      30),
('telefono', '3255556666', 31),
('correo',   'nicolas.vega91@gmail.com',      31),
('telefono', '3266667777', 32),
('correo',   'daniela.henao@gmail.com',       32),
('telefono', '3277778888', 33),
('correo',   'santiago.arboleda@yahoo.com',   33),
('telefono', '3288889999', 34),
('correo',   'mariana.parra@gmail.com',       34),
('telefono', '3299990000', 35),
('correo',   'tomas.aguirre@hotmail.com',     35),
('telefono', '3100001234', 36),
('correo',   'valeria.lozano@gmail.com',      36),
('telefono', '3111112345', 37),
('correo',   'diego.zambrano@outlook.com',    37),
('telefono', '3122223456', 38),
('correo',   'paula.velasquez@gmail.com',     38),
('telefono', '3133334567', 39),
('correo',   'miguel.escobar@hotmail.com',    39),
('telefono', '3144445678', 40),
('correo',   'juliana.padilla@gmail.com',     40),
('telefono', '3155556789', 41),
('correo',   'camilo.medina@gmail.com',       41),
('telefono', '3166667890', 42),
('correo',   'natalia.guerrero@yahoo.com',    42),
('telefono', '3177778901', 43),
('correo',   'sebastian.mora@gmail.com',      43),
('telefono', '3188889012', 44),
('correo',   'alejandra.oviedo@hotmail.com',  44),
('telefono', '3199990123', 45),
('correo',   'juan.alvarado@gmail.com',       45),
('telefono', '3200001235', 46),
('correo',   'sara.quintero@gmail.com',       46),
('telefono', '3211112346', 47),
('correo',   'emilio.franco@outlook.com',     47),
('telefono', '3222223457', 48),
('correo',   'gabriela.romero@gmail.com',     48),
('telefono', '3233334568', 49),
('correo',   'andres.sepulveda@gmail.com',    49),
('telefono', '3244445569', 50),
('correo',   'mateo.sanchez50@gmail.com',     50);


-- PACIENTE 
INSERT INTO Paciente (id_usuario, id_eps, tipo_afiliacion, fecha_afiliacion) VALUES
(26, 1,  'Cotizante',   '2018-03-15'),
(27, 2,  'Beneficiario','2020-07-22'),
(28, 3,  'Cotizante',   '2017-01-10'),
(29, 4,  'Cotizante',   '2019-09-05'),
(30, 5,  'Beneficiario','2021-11-18'),
(31, 6,  'Cotizante',   '2016-04-30'),
(32, 7,  'Subsidiado',  '2022-02-14'),
(33, 8,  'Subsidiado',  '2020-06-01'),
(34, 1,  'Cotizante',   '2015-08-20'),
(35, 9,  'Beneficiario','2023-01-05'),
(36, 3,  'Cotizante',   '2018-12-12'),
(37, 10, 'Cotizante',   '2019-03-25'),
(38, 2,  'Beneficiario','2021-05-17'),
(39, 6,  'Cotizante',   '2017-10-08'),
(40, 4,  'Subsidiado',  '2022-08-30'),
(41, 5,  'Cotizante',   '2016-07-19'),
(42, 7,  'Beneficiario','2020-11-03'),
(43, 9,  'Cotizante',   '2018-04-22'),
(44, 1,  'Cotizante',   '2023-03-11'),
(45, 3,  'Beneficiario','2019-06-06'),
(46, 10, 'Subsidiado',  '2021-09-14'),
(47, 2,  'Cotizante',   '2020-01-28'),
(48, 8,  'Beneficiario','2017-07-07'),
(49, 6,  'Cotizante',   '2022-12-01'),
(50, 4,  'Cotizante',   '2018-10-16');


-- MEDICO 
INSERT INTO Medico (id_usuario, tarjeta_profesional, especialidad) VALUES
(1,  'TP-56789-COL', 'Medicina Interna'),
(2,  'TP-34521-COL', 'Pediatría'),
(3,  'TP-78901-COL', 'Cardiología'),
(4,  'TP-23456-COL', 'Ginecología y Obstetricia'),
(5,  'TP-89012-COL', 'Ortopedia y Traumatología'),
(6,  'TP-45678-COL', 'Dermatología'),
(7,  'TP-12390-COL', 'Neurología'),
(8,  'TP-67891-COL', 'Psiquiatría'),
(9,  'TP-90123-COL', 'Oncología'),
(10, 'TP-34560-COL', 'Endocrinología'),
(11, 'TP-56781-COL', 'Gastroenterología'),
(12, 'TP-78923-COL', 'Neumología'),
(13, 'TP-01245-COL', 'Urología'),
(14, 'TP-23467-COL', 'Oftalmología'),
(15, 'TP-45689-COL', 'Otorrinolaringología'),
(16, 'TP-67812-COL', 'Reumatología'),
(17, 'TP-89034-COL', 'Cirugía General'),
(18, 'TP-01256-COL', 'Anestesiología'),
(19, 'TP-23478-COL', 'Medicina de Urgencias'),
(20, 'TP-45690-COL', 'Radiología e Imágenes Diagnósticas'),
(21, 'TP-67823-COL', 'Nefrología'),
(22, 'TP-89045-COL', 'Hematología'),
(23, 'TP-01267-COL', 'Infectología'),
(24, 'TP-23489-COL', 'Medicina Física y Rehabilitación'),
(25, 'TP-45601-COL', 'Geriatría');


-- MEDICO_EPS  
INSERT INTO Medico_EPS (id_medico, id_eps) VALUES
(1, 1),(1, 2),(1, 3),
(2, 2),(2, 4),(2, 5),
(3, 1),(3, 3),(3, 6),
(4, 4),(4, 5),
(5, 3),(5, 7),(5, 8),
(6, 6),(6, 9),
(7, 1),(7, 2),(7, 10),
(8, 5),(8, 6),
(9, 2),(9, 3),(9, 4),
(10,1),(10,7),
(11,5),(11,9),(11,10),
(12,3),(12,6),
(13,1),(13,4),(13,8),
(14,2),(14,5),
(15,7),(15,9),
(16,1),(16,3),(16,6),
(17,2),(17,4),
(18,5),(18,8),
(19,1),(19,10),
(20,3),(20,7),
(21,2),(21,6),
(22,4),(22,9),
(23,1),(23,5),
(24,8),(24,10),
(25,3),(25,7);


-- CONSULTA  
INSERT INTO Consulta (id_paciente, id_medico, fecha_consulta) VALUES
(1,  1,  '2024-01-10 08:30:00'),
(2,  2,  '2024-01-12 10:00:00'),
(3,  3,  '2024-01-15 09:15:00'),
(4,  4,  '2024-01-18 11:30:00'),
(5,  5,  '2024-01-22 14:00:00'),
(6,  6,  '2024-01-25 08:45:00'),
(7,  7,  '2024-02-01 10:30:00'),
(8,  8,  '2024-02-05 16:00:00'),
(9,  9,  '2024-02-08 09:00:00'),
(10, 10, '2024-02-12 11:00:00'),
(11, 11, '2024-02-15 08:00:00'),
(12, 12, '2024-02-20 13:30:00'),
(13, 13, '2024-02-22 10:00:00'),
(14, 14, '2024-03-01 09:30:00'),
(15, 15, '2024-03-05 08:15:00'),
(16, 16, '2024-03-08 14:45:00'),
(17, 17, '2024-03-12 07:30:00'),
(18, 18, '2024-03-15 11:00:00'),
(19, 19, '2024-03-18 15:30:00'),
(20, 20, '2024-03-22 09:00:00'),
(21, 21, '2024-03-25 10:15:00'),
(22, 22, '2024-04-01 08:30:00'),
(23, 23, '2024-04-04 14:00:00'),
(24, 24, '2024-04-08 11:30:00'),
(25, 25, '2024-04-10 09:45:00'),
(1,  3,  '2024-04-15 10:00:00'),
(2,  5,  '2024-04-18 08:30:00'),
(3,  7,  '2024-04-22 13:00:00'),
(4,  1,  '2024-05-02 09:00:00'),
(5,  9,  '2024-05-06 11:15:00'),
(6,  11, '2024-05-09 10:30:00'),
(7,  13, '2024-05-13 14:00:00'),
(8,  15, '2024-05-16 08:00:00'),
(9,  17, '2024-05-20 09:30:00'),
(10, 19, '2024-05-23 15:00:00'),
(11, 2,  '2024-05-27 11:00:00'),
(12, 4,  '2024-06-03 09:15:00'),
(13, 6,  '2024-06-06 10:45:00'),
(14, 8,  '2024-06-10 08:30:00'),
(15, 10, '2024-06-13 14:30:00'),
(16, 12, '2024-06-17 09:00:00'),
(17, 14, '2024-06-20 11:30:00'),
(18, 16, '2024-06-24 10:00:00'),
(19, 18, '2024-06-27 16:00:00'),
(20, 20, '2024-07-01 09:30:00'),
(21, 22, '2024-07-04 08:15:00'),
(22, 24, '2024-07-08 13:00:00'),
(23, 1,  '2024-07-11 10:30:00'),
(24, 3,  '2024-07-15 09:00:00'),
(25, 5,  '2024-07-18 11:45:00');


-- DIAGNOSTICO  
INSERT INTO Diagnostico (id_consulta, descripcion, codigo_cie10) VALUES
(1,  'Hipertensión arterial esencial, estadio I. Paciente refiere cefalea occipital frecuente.',                           'I10'),
(2,  'Infección de vías respiratorias superiores en menor de 5 años. Fiebre y congestión nasal.',                         'J06.9'),
(3,  'Cardiopatía isquémica crónica. Angina estable. Se indica manejo farmacológico.',                                     'I25.9'),
(4,  'Embarazo normal, control prenatal semana 28. Feto único vivo en presentación cefálica.',                             'Z34.2'),
(5,  'Fractura de radio distal derecho por caída. Requiere inmovilización con yeso.',                                      'S52.5'),
(6,  'Dermatitis atópica moderada. Prurito intenso en pliegues. Se prescribe emoliente y corticoide tópico.',              'L20.9'),
(7,  'Migraña sin aura. Crisis frecuentes. Inicio de tratamiento profiláctico con topiramato.',                            'G43.0'),
(8,  'Trastorno depresivo mayor, episodio moderado. Inicio de antidepresivos y psicoterapia.',                             'F32.1'),
(9,  'Adenocarcinoma de colon estadio II. Seguimiento postquirúrgico. Sin evidencia de recaída.',                          'C18.9'),
(10, 'Diabetes mellitus tipo 2 descompensada. HbA1c 9.8%. Ajuste de insulina basal.',                                     'E11.9'),
(11, 'Enfermedad por reflujo gastroesofágico. Pirosis y regurgitación. Inicio de inhibidor de bomba de protones.',         'K21.0'),
(12, 'Asma bronquial persistente moderada. Episodio de broncoespasmo. Se ajusta dosis de corticoide inhalado.',            'J45.1'),
(13, 'Litiasis renal derecha 8mm. Cólico nefrítico. Se indica manejo analgésico y urólogo.',                              'N20.0'),
(14, 'Catarata nuclear incipiente en ojo derecho. Disminución de agudeza visual. Control en 6 meses.',                    'H25.1'),
(15, 'Otitis media aguda izquierda. Otalgia e hipoacusia. Antibiótico sistémico.',                                         'H66.0'),
(16, 'Artritis reumatoide activa. Poliartralgia simétrica. Se inicia metotrexato.',                                        'M06.9'),
(17, 'Apendicitis aguda no complicada. Dolor en fosa iliaca derecha. Indicada apendicectomía laparoscópica.',              'K35.8'),
(18, 'Evaluación preanestésica para colecistectomía laparoscópica. Riesgo ASA II.',                                       'Z01.8'),
(19, 'Intoxicación por monóxido de carbono leve. Cefalea y náuseas. Alta con recomendaciones.',                           'T58'),
(20, 'Hallazgo de nódulo pulmonar solitario 6mm. Se solicita TACAR de control en 3 meses.',                               'R91'),
(21, 'Enfermedad renal crónica estadio 3b. Proteinuria. Ajuste de IECAS y dieta hipoproteica.',                           'N18.3'),
(22, 'Anemia ferropénica moderada (Hb 8.2 g/dl). Inicio de sulfato ferroso oral.',                                        'D50.9'),
(23, 'Tuberculosis pulmonar, baciloscopia positiva. Inicio de tratamiento antituberculoso.',                               'A15.3'),
(24, 'Síndrome de hombro doloroso derecho postlaboratorio. Fisioterapia y AINES.',                                         'M75.1'),
(25, 'Demencia senil leve. Deterioro cognitivo. Inicio de donepezilo y orientación familiar.',                             'F03'),
(26, 'Neumonía adquirida en comunidad. Fiebre, tos productiva. Antibiótico oral ambulatorio.',                             'J18.9'),
(27, 'Rinitis alérgica persistente moderada. Rinorrea y estornudos. Antihistamínico y corticoide nasal.',                  'J30.1'),
(28, 'Taquicardia supraventricular paroxística. Cardioversión farmacológica exitosa.',                                     'I47.1'),
(29, 'Amenorrea secundaria. Descarte de embarazo negativo. Estudio hormonal completo solicitado.',                         'N91.1'),
(30, 'Esguince de tobillo derecho grado II. Edema y equimosis. RICE y analgesia.',                                         'S93.4'),
(31, 'Psoriasis en placas moderada-grave. Compromiso >10% de superficie corporal. Inicio de metotrexato.',                 'L40.0'),
(32, 'Crisis epiléptica tónico-clónica generalizada. Ajuste de dosis de ácido valproico.',                                'G40.3'),
(33, 'Trastorno de ansiedad generalizada. Insomnio y tensión muscular crónica. ISRS y psicoterapia.',                     'F41.1'),
(34, 'Linfoma de Hodgkin clásico estadio IIA. Inicio de quimioterapia ABVD.',                                             'C81.9'),
(35, 'Hipotiroidismo primario. TSH elevada. Inicio de levotiroxina 50 mcg.',                                              'E03.9'),
(36, 'Hemorragia digestiva alta por úlcera péptica. Endoscopia terapéutica realizada.',                                   'K25.4'),
(37, 'Derrame pleural moderado izquierdo de probable etiología infecciosa. Toracocentesis.',                              'J90'),
(38, 'Hiperplasia prostática benigna con síntomas obstructivos moderados. Inicio de tamsulosina.',                        'N40'),
(39, 'Glaucoma de ángulo abierto bilateral. Presión intraocular elevada. Timolol colirio.',                               'H40.1'),
(40, 'Hipoacusia neurosensorial bilateral leve. Audiometría confirmatoria. Derivación audiología.',                       'H90.3'),
(41, 'Lupus eritematoso sistémico activo. Nefritis lúpica clase III. Inicio de micofenolato.',                            'M32.1'),
(42, 'Hernia inguinal derecha sintomática. Cirugía electiva programada.',                                                 'K40.9'),
(43, 'Hipertensión arterial secundaria. Estudio de causas secundarias en curso.',                                         'I15.9'),
(44, 'Capsulitis adhesiva de hombro izquierdo. Limitación de rangos articulares. Fisioterapia.',                          'M75.0'),
(45, 'Fibrilación auricular paroxística. CHADS2-VASc 2. Inicio de anticoagulación.',                                     'I48'),
(46, 'Colitis ulcerosa moderada. Rectorragia y urgencia defecatoria. Mesalazina tópica y oral.',                          'K51.9'),
(47, 'VIH estadio A2. Carga viral indetectable. Continuación de TARV y seguimiento.',                                    'B20'),
(48, 'Espondilitis anquilosante. Dolor lumbar inflamatorio. NSAIDs y fisioterapia.',                                      'M45'),
(49, 'Infección urinaria no complicada por E. coli. Disuria y polaquiuria. Nitrofurantoína.',                             'N30.0'),
(50, 'Cetoacidosis diabética leve. Glucemia 380 mg/dl. Hidratación IV e insulinoterapia.',                                'E10.1');


-- EXAMEN  
INSERT INTO Examen (id_consulta, tipo_examen, resultado, fecha_examen) VALUES
(1,  'Tensión arterial',               'PA: 148/92 mmHg. Confirmación hipertensiva.',                                           '2024-01-10'),
(2,  'Hemograma completo',             'Leucocitos 14.500/µl. Neutrofilia 78%. Compatibles con infección bacteriana.',          '2024-01-13'),
(3,  'Electrocardiograma',             'Ritmo sinusal. Signos de isquemia subepicárdica lateral.',                              '2024-01-15'),
(4,  'Ecografía obstétrica',           'Feto único. Biometría acorde a 28 semanas. Placenta posterior grado I.',                '2024-01-19'),
(5,  'Radiografía de muñeca',          'Fractura de radio distal tipo Colles sin desplazamiento.',                              '2024-01-22'),
(6,  'Prueba de alérgenos cutáneos',   'Prick test positivo: ácaros D. pteronyssinus y D. farinae.',                            '2024-01-26'),
(7,  'Tomografía craneal',             'Sin lesiones estructurales. Compatible con migraña.',                                   '2024-02-02'),
(8,  'Escala PHQ-9',                   'Puntaje 14: depresión moderada.',                                                       '2024-02-05'),
(9,  'CEA sérico',                     'CEA 2.8 ng/ml. Dentro de límites normales. Sin signos de recurrencia.',                 '2024-02-09'),
(10, 'HbA1c',                          'HbA1c 9.8%. Mal control glucémico.',                                                   '2024-02-12'),
(11, 'Endoscopia digestiva alta',      'Esofagitis erosiva grado B de Los Ángeles. Sin esófago de Barrett.',                   '2024-02-16'),
(12, 'Espirometría',                   'FEV1/FVC 64%. FEV1 55% del predicho. Obstrucción moderada con reversibilidad.',        '2024-02-21'),
(13, 'Ecografía renal',                'Cálculo en pelvis renal derecha 8mm. Sin hidronefrosis.',                               '2024-02-22'),
(14, 'Agudeza visual',                 'OD: 20/60 sin corrección. OI: 20/25. Opacidad cristaliniana nuclear OD.',              '2024-03-01'),
(15, 'Otoscopia',                      'Membrana timpánica izquierda eritematosa con nivel hidroaéreo.',                        '2024-03-05'),
(16, 'Factor reumatoide y anti-CCP',   'FR 128 UI/ml. Anti-CCP 280 UI/ml. Positivos para AR.',                                 '2024-03-08'),
(17, 'Ecografía abdominal',            'Apéndice dilatado 10mm con líquido periapendicular. Diagnóstico compatible.',          '2024-03-12'),
(18, 'Espirometría prequirúrgica',     'CVF 3.8 L (96%). FEV1 3.2 L (94%). Función pulmonar conservada.',                     '2024-03-15'),
(19, 'Carboxihemoglobina',             'COHb 8%. Intoxicación leve confirmada.',                                               '2024-03-18'),
(20, 'TACAR de tórax',                 'Nódulo sólido 6mm en LSD. Sin adenopatías mediastínicas. Control recomendado.',        '2024-03-22'),
(21, 'Creatinina y filtrado glomerular','Cr 2.1 mg/dl. TFGe 35 ml/min/1.73m². ERC estadio 3b confirmada.',                   '2024-03-25'),
(22, 'Hemograma + perfil de hierro',   'Hb 8.2 g/dl. Hierro 35 µg/dl. Ferritina 7 ng/ml. Anemia ferropénica.',                '2024-04-01'),
(23, 'Baciloscopia de esputo',         'Baciloscopia (+++) tres muestras. Compatible con TBC pulmonar activa.',                '2024-04-04'),
(24, 'Ecografía de hombro',            'Tendinitis del manguito rotador derecho. Sin ruptura.',                                 '2024-04-08'),
(25, 'Mini-Mental State Examination',  'MMSE 22/30. Deterioro cognitivo leve.',                                               '2024-04-10'),
(26, 'Radiografía de tórax',           'Infiltrado alveolar basal derecho. Compatible con neumonía.',                          '2024-04-15'),
(27, 'IgE total y específica',         'IgE total 380 UI/ml. IgE específica Dp 4.2 kUA/L.',                                   '2024-04-18'),
(28, 'Electrocardiograma de urgencia', 'Taquicardia de complejo estrecho 180 lpm. TSV confirmada.',                            '2024-04-22'),
(29, 'Perfil hormonal femenino',       'FSH, LH y estradiol normales. Prolactina normal. Se solicita eco pélvica.',            '2024-05-02'),
(30, 'Radiografía de tobillo',         'Sin fractura. Partes blandas con edema. Esguince grado II.',                           '2024-05-06'),
(31, 'Biopsia cutánea',                'Epidermis con acantosis e infiltrado linfocítico. Compatible con psoriasis.',           '2024-05-09'),
(32, 'EEG',                            'Actividad paroxística generalizada. Compatible con epilepsia generalizada.',            '2024-05-13'),
(33, 'Escala GAD-7',                   'Puntaje 15: ansiedad moderada-grave.',                                                  '2024-05-16'),
(34, 'Biopsia ganglionar',             'Células de Reed-Sternberg. Linfoma de Hodgkin clásico confirmado.',                   '2024-05-20'),
(35, 'TSH y T4 libre',                 'TSH 8.9 mUI/L (elevada). T4 libre 0.7 ng/dl (baja). Hipotiroidismo primario.',        '2024-05-23'),
(36, 'Endoscopia digestiva alta',      'Úlcera péptica gástrica activa con sangrado. Hemostasia endoscópica exitosa.',         '2024-05-27'),
(37, 'Ecografía pleural',              'Derrame pleural izq. moderado. Toracocentesis: exudado con ADA elevada.',              '2024-06-03'),
(38, 'Uroflujometría',                 'Qmáx 8 ml/s. Orina residual 80 ml. Compatible con obstrucción prostática.',           '2024-06-06'),
(39, 'Tonometría',                     'PIO OD 26 mmHg, OI 24 mmHg. Campos visuales con escotoma periférico.',               '2024-06-10'),
(40, 'Audiometría tonal',              'Hipoacusia neurosensorial bilateral leve (30 dB) en frecuencias agudas.',              '2024-06-13'),
(41, 'Anti-DNA y complemento',         'Anti-DNA nativo 1:320. C3 bajo 65 mg/dl. Actividad lúpica confirmada.',               '2024-06-17'),
(42, 'Ecografía abdominal',            'Hernia inguinal derecha con saco herniario 3 cm. Sin complicaciones.',                 '2024-06-20'),
(43, 'Aldosterona y renina plasmática','Ratio aldosterona/renina elevado. Sospecha de hiperaldosteronismo primario.',          '2024-06-24'),
(44, 'Artrografía de hombro',          'Contractura capsular con pérdida de volumen articular. Capsulitis adhesiva.',          '2024-06-27'),
(45, 'Holter 24 horas',                'Episodios de FA paroxística documentados (3 episodios). Duración máx. 40 min.',       '2024-07-01'),
(46, 'Colonoscopia',                   'Mucosa colónica eritematosa y friable desde recto hasta ángulo esplénico.',            '2024-07-04'),
(47, 'Carga viral VIH',                'Carga viral < 40 copias/ml. CD4 620 células/µl. Buen control virológico.',            '2024-07-08'),
(48, 'Resonancia de columna lumbar',   'Sacroileítis bilateral grado II-III. Compatible con espondilitis anquilosante.',       '2024-07-11'),
(49, 'Uroanálisis y urocultivo',       'Piuria 30-40 leu/campo. Urocultivo E. coli > 100.000 UFC/ml. Sensible a nitrofurantoína.','2024-07-15'),
(50, 'Gases arteriales',               'pH 7.28, HCO3 14 mEq/L, anion gap 22. Acidosis metabólica con cetoacidosis.',        '2024-07-18');


-- MEDICAMENTO PRESCRITO  
INSERT INTO MedicamentoPrescrito (id_consulta, descripcion, frecuencia, duracion, principio_activo, nombre_comercial, dosis) VALUES
(1,  'Antihipertensivo para control de PA',                          'Cada 24 horas',   '6 meses', 'Losartán',                    'Cozaar',         '50 mg'),
(2,  'Antipirético y analgésico para fiebre y malestar general',    'Cada 6 horas',    '5 días',  'Ibuprofeno',                  'Advil Pediátrico','100 mg/5 ml'),
(3,  'Antianginoso y antiagregante plaquetario',                     'Cada 12 horas',   'Indefinido','Ácido acetilsalicílico',    'Aspirina',       '100 mg'),
(4,  'Suplemento vitamínico prenatal',                               'Cada 24 horas',   'Embarazo','Ácido fólico + hierro',       'Maternol',       '400 mcg + 60 mg'),
(5,  'Analgésico para dolor posquirúrgico de fractura',              'Cada 8 horas',    '7 días',  'Acetaminofén',                'Tylenol',        '1 g'),
(6,  'Corticoide tópico para dermatitis atópica',                    'Cada 12 horas',   '2 semanas','Hidrocortisona',             'Locorten',       '1%'),
(7,  'Profilaxis de migraña',                                        'Cada 24 horas',   '3 meses', 'Topiramato',                  'Topamax',        '50 mg'),
(8,  'Antidepresivo para episodio depresivo mayor',                  'Cada 24 horas',   '6 meses', 'Sertralina',                  'Zoloft',         '50 mg'),
(9,  'Quimioprotector hepático postquimioterapia',                   'Cada 24 horas',   '3 meses', 'Ursodiol',                    'Ursobil',        '300 mg'),
(10, 'Insulina basal para diabetes tipo 2',                          'Cada 24 horas',   'Indefinido','Insulina glargina',         'Lantus',         '20 UI'),
(11, 'Inhibidor de bomba de protones para ERGE',                     'Cada 24 horas',   '8 semanas','Omeprazol',                  'Prilosec',       '20 mg'),
(12, 'Corticoide inhalado para asma persistente moderada',           'Cada 12 horas',   '6 meses', 'Budesonida',                  'Pulmicort',      '400 mcg'),
(13, 'Analgésico para cólico nefrítico',                             'Cada 8 horas',    '5 días',  'Diclofenaco',                 'Voltaren',       '75 mg IM'),
(14, 'Lubricante ocular para síntomas de cataratas',                 'Cada 6 horas',    '3 meses', 'Carboximetilcelulosa',        'Refresh',        '0.5%'),
(15, 'Antibiótico para otitis media aguda',                          'Cada 12 horas',   '7 días',  'Amoxicilina',                 'Amoxil',         '500 mg'),
(16, 'DMARD para artritis reumatoide',                               'Una vez por semana','6 meses','Metotrexato',                'Methotrexate',   '15 mg'),
(17, 'Antibiótico profiláctico prequirúrgico',                       'Dosis única',     '1 dosis', 'Cefazolina',                  'Kefazol',        '2 g IV'),
(18, 'Sedación para anestesia general',                              'Dosis de inducción','Perioperatorio','Propofol',            'Diprivan',       '2 mg/kg IV'),
(19, 'Oxigenoterapia y analgesia para intoxicación por CO',          'Continuo',        '12 horas','Oxígeno al 100%',             '-',              '10 L/min'),
(20, 'Vitamina D para prevención de osteopenia',                     'Cada 24 horas',   '3 meses', 'Colecalciferol',              'Vitamina D3',    '2000 UI'),
(21, 'IECA para ERC y proteinuria',                                  'Cada 24 horas',   'Indefinido','Ramipril',                  'Altace',         '5 mg'),
(22, 'Hierro oral para anemia ferropénica',                          'Cada 12 horas',   '3 meses', 'Sulfato ferroso',             'Ferogradumet',   '325 mg'),
(23, 'Tratamiento antituberculoso inicial',                          'Cada 24 horas',   '2 meses', 'Isoniacida + rifampicina',    'Rimactane',      '300 mg + 600 mg'),
(24, 'AINE para síndrome de hombro doloroso',                        'Cada 8 horas',    '10 días', 'Naproxeno',                   'Naprosyn',       '550 mg'),
(25, 'Inhibidor colinesterasa para demencia',                        'Cada 24 horas',   'Indefinido','Donepezilo',                'Aricept',        '5 mg'),
(26, 'Antibiótico para neumonía ambulatoria',                        'Cada 12 horas',   '7 días',  'Amoxicilina-clavulanato',     'Augmentin',      '875/125 mg'),
(27, 'Antihistamínico para rinitis alérgica',                        'Cada 24 horas',   '3 meses', 'Loratadina',                  'Claritin',       '10 mg'),
(28, 'Antiarrítmico para TSV',                                       'Bolos IV en urgencias','Agudo','Adenosina',                 'Adenocard',      '6 mg IV'),
(29, 'Anticonceptivo hormonal para regulación menstrual',            'Cada 24 horas',   '3 meses', 'Levonorgestrel + etinilestradiol','Microgynon',  '0.15/0.03 mg'),
(30, 'Analgésico y antiinflamatorio para esguince',                  'Cada 8 horas',    '5 días',  'Meloxicam',                   'Mobic',          '7.5 mg'),
(31, 'Inmunomodulador para psoriasis moderada-grave',                'Una vez por semana','4 meses','Metotrexato',                'Methotrexate',   '20 mg'),
(32, 'Antiepiléptico estabilizador del ánimo',                       'Cada 8 horas',    'Indefinido','Ácido valproico',           'Depakote',       '500 mg'),
(33, 'ISRS para trastorno de ansiedad',                              'Cada 24 horas',   '6 meses', 'Escitalopram',                'Lexapro',        '10 mg'),
(34, 'Quimioterapia antineoplásica primera línea',                   'Ciclos c/28 días','6 ciclos','Doxorrubicina + bleomicina',  'ABVD',           'Según BSC'),
(35, 'Hormona tiroidea sustitutiva',                                 'Cada 24 horas',   'Indefinido','Levotiroxina',              'Synthroid',      '50 mcg'),
(36, 'Inhibidor de bomba de protones para úlcera',                   'Cada 12 horas',   '4 semanas','Pantoprazol',               'Protonix',       '40 mg IV'),
(37, 'Antibiótico para pleuritis bacteriana',                        'Cada 8 horas',    '14 días', 'Ceftriaxona',                 'Rocefin',        '2 g IV'),
(38, 'Alfabloqueante para HBP',                                      'Cada 24 horas',   '6 meses', 'Tamsulosina',                 'Flomax',         '0.4 mg'),
(39, 'Betabloqueante tópico para glaucoma',                          'Cada 12 horas',   'Indefinido','Timolol',                   'Timoptic',       '0.5% colirio'),
(40, 'Corticoide sistémico para otitis media crónica',               'Cada 24 horas',   '10 días', 'Prednisona',                  'Deltasone',      '30 mg'),
(41, 'Inmunosupresor para nefritis lúpica',                          'Cada 12 horas',   '6 meses', 'Micofenolato de mofetilo',    'CellCept',       '1 g'),
(42, 'Analgésico postoperatorio hernioplastia',                      'Cada 6 horas',    '5 días',  'Tramadol',                    'Tramal',         '50 mg'),
(43, 'Antihipertensivo para investigación de HTA secundaria',        'Cada 24 horas',   '3 meses', 'Amlodipino',                  'Norvasc',        '5 mg'),
(44, 'AINE intraarticular para capsulitis adhesiva',                 'Sesión única',    '1 dosis', 'Triamcinolona',               'Kenalog',        '40 mg IA'),
(45, 'Anticoagulante oral para FA',                                  'Cada 24 horas',   'Indefinido','Apixabán',                  'Eliquis',        '5 mg'),
(46, 'Aminosalicilato para colitis ulcerosa',                        'Cada 8 horas',    '8 semanas','Mesalazina',                 'Asacol',         '800 mg'),
(47, 'Tratamiento antirretroviral VIH',                              'Cada 24 horas',   'Indefinido','Tenofovir/emtricitabina/rilpivirina','Odefsey','1 comprimido'),
(48, 'AINE para espondilitis anquilosante',                          'Cada 12 horas',   '4 semanas','Naproxeno',                  'Naprosyn',       '500 mg'),
(49, 'Antibiótico para ITU no complicada',                           'Cada 6 horas',    '5 días',  'Nitrofurantoína',             'Macrobid',       '100 mg'),
(50, 'Insulina de corrección para cetoacidosis',                     'Infusión continua','Hospitalario','Insulina regular',        'Humulin R',      '0.1 UI/kg/h IV');


